state,budget_need_score
Maharashtra,282.7377383942135
Sikkim,277.5500317669279
Bihar,249.8168882511456
Haryana,240.4801168104198
Jharkhand,239.74682215136048
Gujarat,208.94515255728297
Tripura,207.70314348877565
Telangana,198.39358752034929
Uttarakhand,184.0112159621421
Odisha,182.2153958453332
